{"cameraMode":{"drawMode":0,"name":"Shaded","section":"Shading Mode"},"sceneLighting":true,"audioPlay":false,"sceneViewState":{"showFog":true,"showMaterialUpdate":false,"showSkybox":true,"showFlares":true,"showImageEffects":true,"showParticleSystems":true,"showVisualEffectGraphs":true,"m_FxEnabled":true},"in2DMode":false,"pivot":{"x":-0.818825364112854,"y":6.239772319793701,"z":-1.5628561973571778},"rotation":{"x":0.06744837015867233,"y":-0.0038895239122211935,"z":0.0002630396338645369,"w":0.997715413570404},"size":4.76310396194458,"orthographic":false}