{"cameraMode":{"drawMode":0,"name":"Shaded","section":"Shading Mode"},"sceneLighting":false,"audioPlay":false,"sceneViewState":{"showFog":true,"showMaterialUpdate":false,"showSkybox":true,"showFlares":true,"showImageEffects":true,"showParticleSystems":true,"showVisualEffectGraphs":true,"m_FxEnabled":true},"in2DMode":false,"pivot":{"x":-0.6805944442749023,"y":-2.4446821212768556,"z":11.600752830505371},"rotation":{"x":0.289782851934433,"y":-0.0008594865794293582,"z":0.0002605850459076464,"w":0.9570918679237366},"size":18.446313858032228,"orthographic":false}