{"cameraMode":{"drawMode":0,"name":"Shaded","section":"Shading Mode"},"sceneLighting":false,"audioPlay":false,"sceneViewState":{"showFog":true,"showMaterialUpdate":false,"showSkybox":false,"showFlares":true,"showImageEffects":true,"showParticleSystems":true,"showVisualEffectGraphs":true,"m_FxEnabled":true},"in2DMode":false,"pivot":{"x":0.163710355758667,"y":-0.018190383911132814,"z":-0.17685365676879884},"rotation":{"x":0.054043129086494449,"y":-0.78818279504776,"z":0.06993690878152847,"w":0.6090623140335083},"size":4.766025543212891,"orthographic":false}