{"cameraMode":{"drawMode":0,"name":"Shaded","section":"Shading Mode"},"sceneLighting":false,"audioPlay":false,"sceneViewState":{"showFog":true,"showMaterialUpdate":false,"showSkybox":false,"showFlares":true,"showImageEffects":true,"showParticleSystems":true,"showVisualEffectGraphs":true,"m_FxEnabled":true},"in2DMode":false,"pivot":{"x":-0.49841904640197756,"y":2.4253365993499758,"z":0.19074344635009767},"rotation":{"x":0.21688838303089143,"y":-0.3722563683986664,"z":0.08991457521915436,"w":0.8979419469833374},"size":2.804896831512451,"orthographic":false}