{"cameraMode":{"drawMode":0,"name":"Shaded","section":"Shading Mode"},"sceneLighting":false,"audioPlay":false,"sceneViewState":{"showFog":true,"showMaterialUpdate":false,"showSkybox":false,"showFlares":true,"showImageEffects":true,"showParticleSystems":true,"showVisualEffectGraphs":true,"m_FxEnabled":true},"in2DMode":false,"pivot":{"x":0.40434733033180239,"y":2.6878228187561037,"z":-0.04225444793701172},"rotation":{"x":-0.007518391124904156,"y":0.9641749858856201,"z":-0.2637317478656769,"w":-0.02748643048107624},"size":2.3677680492401125,"orthographic":false}