{"cameraMode":{"drawMode":0,"name":"Shaded","section":"Shading Mode"},"sceneLighting":false,"audioPlay":false,"sceneViewState":{"showFog":true,"showMaterialUpdate":false,"showSkybox":false,"showFlares":true,"showImageEffects":true,"showParticleSystems":true,"showVisualEffectGraphs":true,"m_FxEnabled":true},"in2DMode":false,"pivot":{"x":-0.5087602138519287,"y":0.26484739780426028,"z":-1.254622220993042},"rotation":{"x":0.12658028304576875,"y":0.09418763965368271,"z":-0.012074492871761322,"w":0.9874014854431152},"size":0.8204940557479858,"orthographic":true}