{"cameraMode":{"drawMode":0,"name":"Shaded","section":"Shading Mode"},"sceneLighting":false,"audioPlay":false,"sceneViewState":{"showFog":true,"showMaterialUpdate":false,"showSkybox":false,"showFlares":true,"showImageEffects":true,"showParticleSystems":true,"showVisualEffectGraphs":true,"m_FxEnabled":true},"in2DMode":false,"pivot":{"x":0.09273922443389893,"y":-0.24691510200500489,"z":-0.371238112449646},"rotation":{"x":0.24194905161857606,"y":0.18408289551734925,"z":-0.046808063983917239,"w":0.9515174627304077},"size":1.1145086288452149,"orthographic":false}