{"cameraMode":{"drawMode":0,"name":"Shaded","section":"Shading Mode"},"sceneLighting":false,"audioPlay":false,"sceneViewState":{"showFog":true,"showMaterialUpdate":false,"showSkybox":false,"showFlares":true,"showImageEffects":true,"showParticleSystems":true,"showVisualEffectGraphs":true,"m_FxEnabled":true},"in2DMode":false,"pivot":{"x":0.23574671149253846,"y":0.9704912900924683,"z":0.8686215877532959},"rotation":{"x":0.2635793089866638,"y":-0.04281077906489372,"z":0.011709935963153839,"w":0.9636166095733643},"size":1.7044694423675538,"orthographic":false}